{
    "Gda\u0144sk Lech Wa\u0142\u0119sa Airport": {
        "GOMED WYP": 77.29062082635127,
        "LODNI WYP": 72.0050476791057,
        "RODAK WYP": 138.90349655452596,
        "SKARY WYP": 30.657666272635257,
        "EPBY ARP": 146.0428205839522,
        "EPGD ARP": 0.0037211581001663956,
        "EPMB ARP": 58.39430661453989,
        "EPPR ARP": 19.70465356136462
    },
    "John Paul II International Airport Krak\u00f3w-Balice Airport": {
        "BALOS WYP": 30.950059361952736,
        "GOSLO WYP": 123.8993165663916,
        "LUBEN WYP": 128.10137347799275,
        "MOKOS WYP": 53.931880246671604,
        "MYSKO WYP": 62.384170804255476,
        "NOMIX WYP": 58.18933415340618,
        "EPCH ARP": 98.7358212764811,
        "EPKT ARP": 66.74953801147232
    },
    "BALOS WYP": {
        "GOSLO WYP": 96.41253050973437,
        "LUBEN WYP": 103.60291948451167,
        "MAKOV WYP": 97.59127989715168,
        "MOKOS WYP": 26.617284100198827,
        "MYSKO WYP": 31.90372466435608,
        "NOMIX WYP": 59.547788269968166,
        "EPCH ARP": 67.86855703424621,
        "EPKT ARP": 39.29917661113831,
        "John Paul II International Airport Krak\u00f3w-Balice Airport": 30.950059361952736
    },
    "BARNU WYP": {
        "DIBRI WYP": 68.85416429363396,
        "DODEK WYP": 115.96653783886627,
        "LUMOK WYP": 128.61801615422524,
        "MOLIL WYP": 45.10992624526356,
        "OBEGO WYP": 131.44351223504395,
        "PRASK WYP": 133.3114717319359,
        "VAVEK WYP": 99.48159145620647,
        "EPBY ARP": 101.2452708692623
    },
    "DIBRI WYP": {
        "BARNU WYP": 68.85416429363396,
        "DODEK WYP": 79.07007591889877,
        "LUMOK WYP": 99.43644148771504,
        "MOLIL WYP": 42.17795529754782,
        "OBEGO WYP": 95.30379174182241,
        "RODAK WYP": 73.6762081473853,
        "VAVEK WYP": 40.87408367058968,
        "EPBY ARP": 62.44788113750037
    },
    "DODEK WYP": {
        "DIBRI WYP": 79.07007591889877,
        "KUKOV WYP": 54.27790490230274,
        "LISSU WYP": 41.77983096893382,
        "LUMOK WYP": 21.783630392452373,
        "OBEGO WYP": 16.580275746283306,
        "PEPEN WYP": 72.61145755320764,
        "RODAK WYP": 96.32814800969136,
        "VAVEK WYP": 45.55367230798273
    },
    "GOMED WYP": {
        "LODNI WYP": 103.74543045642854,
        "RODAK WYP": 139.22433869912697,
        "SKARY WYP": 92.65824277466447,
        "VAVEK WYP": 197.67816102052683,
        "EPBY ARP": 186.33834248139058,
        "EPGD ARP": 77.28950427739143,
        "EPMB ARP": 57.73835609884751,
        "EPPR ARP": 67.35707864246237
    },
    "GOSLO WYP": {
        "LUBEN WYP": 20.94787117832856,
        "MAKOV WYP": 38.63193257212775,
        "MOKOS WYP": 70.32263939637706,
        "MYSKO WYP": 77.39276294333189,
        "PEPEN WYP": 94.60141252291929,
        "PRASK WYP": 81.27599539696828,
        "EPCH ARP": 46.54556915808508,
        "EPKT ARP": 89.39376941143915,
        "John Paul II International Airport Krak\u00f3w-Balice Airport": 123.8993165663916
    },
    "KUKOV WYP": {
        "DODEK WYP": 54.27790490230274,
        "GOSLO WYP": 111.73034093731393,
        "LISSU WYP": 63.73059632845506,
        "LUBEN WYP": 101.3004991973716,
        "LUMOK WYP": 33.398374182188654,
        "OBEGO WYP": 39.617804952800306,
        "PEPEN WYP": 22.514736260138317,
        "VAVEK WYP": 99.2938406940316
    },
    "LISSU WYP": {
        "DIBRI WYP": 100.47927059253882,
        "DODEK WYP": 41.77983096893382,
        "KUKOV WYP": 63.73059632845506,
        "LUMOK WYP": 48.74075313966256,
        "OBEGO WYP": 36.03103825591826,
        "PEPEN WYP": 86.24030593785406,
        "RODAK WYP": 83.71199254959232,
        "VAVEK WYP": 59.647145059853166
    },
    "LODNI WYP": {
        "DIBRI WYP": 117.22998972405773,
        "GOMED WYP": 103.74543045642854,
        "RODAK WYP": 71.12329084518134,
        "SKARY WYP": 45.29196859303918,
        "EPBY ARP": 83.11490694395488,
        "EPGD ARP": 72.00146060794394,
        "EPMB ARP": 46.44700939011112,
        "EPPR ARP": 56.94038028764763
    },
    "LUBEN WYP": {
        "GOSLO WYP": 20.94787117832856,
        "KUKOV WYP": 101.3004991973716,
        "MAKOV WYP": 59.536821172288114,
        "MOKOS WYP": 76.99897274096007,
        "MYSKO WYP": 90.09285885581748,
        "PEPEN WYP": 81.82847465365072,
        "PRASK WYP": 102.22163999690807,
        "EPCH ARP": 64.75552848395007,
        "John Paul II International Airport Krak\u00f3w-Balice Airport": 128.10137347799275
    },
    "LUMOK WYP": {
        "DIBRI WYP": 99.43644148771504,
        "DODEK WYP": 21.783630392452373,
        "KUKOV WYP": 33.398374182188654,
        "LISSU WYP": 48.74075313966256,
        "LUBEN WYP": 113.56428180486323,
        "OBEGO WYP": 12.939518752374095,
        "PEPEN WYP": 50.832005458752725,
        "VAVEK WYP": 67.33530539302303
    },
    "MAKOV WYP": {
        "BALOS WYP": 97.59127989715168,
        "GOSLO WYP": 38.63193257212775,
        "LUBEN WYP": 59.536821172288114,
        "MOKOS WYP": 76.55415882496027,
        "MYSKO WYP": 69.16699500940322,
        "PRASK WYP": 42.98113065703795,
        "EPCH ARP": 30.091970036764756,
        "EPKT ARP": 75.1037606488221
    },
    "MOKOS WYP": {
        "BALOS WYP": 26.617284100198827,
        "GOSLO WYP": 70.32263939637706,
        "LUBEN WYP": 76.99897274096007,
        "MAKOV WYP": 76.55415882496027,
        "MYSKO WYP": 27.462057206125213,
        "NOMIX WYP": 83.44787244303387,
        "EPCH ARP": 48.90709598960087,
        "EPKT ARP": 42.49258726281577,
        "John Paul II International Airport Krak\u00f3w-Balice Airport": 53.931880246671604
    },
    "MOLIL WYP": {
        "BARNU WYP": 45.10992624526356,
        "DIBRI WYP": 42.17795529754782,
        "DODEK WYP": 115.41915068862717,
        "LUMOK WYP": 133.60261819695125,
        "OBEGO WYP": 131.99942272538897,
        "RODAK WYP": 109.20881516819946,
        "VAVEK WYP": 82.5746070943888,
        "EPBY ARP": 56.1441728764416
    },
    "MYSKO WYP": {
        "BALOS WYP": 31.90372466435608,
        "GOSLO WYP": 77.39276294333189,
        "MAKOV WYP": 69.16699500940322,
        "MOKOS WYP": 27.462057206125213,
        "NOMIX WYP": 69.3157631320328,
        "PRASK WYP": 76.61623410928513,
        "EPCH ARP": 39.131379905447474,
        "EPKT ARP": 15.709717694744668,
        "John Paul II International Airport Krak\u00f3w-Balice Airport": 62.384170804255476
    },
    "NOMIX WYP": {
        "BALOS WYP": 59.547788269968166,
        "MAKOV WYP": 134.7906276633384,
        "MOKOS WYP": 83.44787244303387,
        "MYSKO WYP": 69.3157631320328,
        "PRASK WYP": 126.2254380725825,
        "EPCH ARP": 106.17262265748084,
        "EPKT ARP": 59.76083223208302,
        "LZSL ARP": 145.08168294124542,
        "John Paul II International Airport Krak\u00f3w-Balice Airport": 58.18933415340618
    },
    "OBEGO WYP": {
        "DIBRI WYP": 95.30379174182241,
        "DODEK WYP": 16.580275746283306,
        "KUKOV WYP": 39.617804952800306,
        "LISSU WYP": 36.03103825591826,
        "LUMOK WYP": 12.939518752374095,
        "PEPEN WYP": 59.86843655724838,
        "RODAK WYP": 105.28652254147408,
        "VAVEK WYP": 59.84713588843774
    },
    "PEPEN WYP": {
        "DODEK WYP": 72.61145755320764,
        "GOSLO WYP": 94.60141252291929,
        "KUKOV WYP": 22.514736260138317,
        "LISSU WYP": 86.24030593785406,
        "LUBEN WYP": 81.82847465365072,
        "LUMOK WYP": 50.832005458752725,
        "OBEGO WYP": 59.86843655724838,
        "VAVEK WYP": 118.16512977916653
    },
    "PRASK WYP": {
        "BALOS WYP": 108.51411737458346,
        "GOSLO WYP": 81.27599539696828,
        "LUBEN WYP": 102.22163999690807,
        "MAKOV WYP": 42.98113065703795,
        "MOKOS WYP": 96.19631768274328,
        "MYSKO WYP": 76.61623410928513,
        "EPCH ARP": 50.39879007397486,
        "EPKT ARP": 73.4334318314548
    },
    "RODAK WYP": {
        "DIBRI WYP": 73.6762081473853,